--Channel
insert into Channel (channel_id, number_of_subscribers, watch_time, total_views) values ('2058765130', '4', '3', '11');
insert into Channel (channel_id, number_of_subscribers, watch_time, total_views) values ('1245520792', '0', '6', '6');
insert into Channel (channel_id, number_of_subscribers, watch_time, total_views) values ('4989203161', '5', '3', '9');
insert into Channel (channel_id, number_of_subscribers, watch_time, total_views) values ('147519676', '7', '1', '9');
insert into Channel (channel_id, number_of_subscribers, watch_time, total_views) values ('23414107126', '1', '6', '10');
insert into Channel (channel_id, number_of_subscribers, watch_time, total_views) values ('2283796164', '6', '5', '18');
insert into Channel (channel_id, number_of_subscribers, watch_time, total_views) values ('2477114711', '0', '0', '0');
insert into Channel (channel_id, number_of_subscribers, watch_time, total_views) values ('17988192148', '0', '0', '0');
insert into Channel (channel_id, number_of_subscribers, watch_time, total_views) values ('1533177199', '0', '0', '0');
insert into Channel (channel_id, number_of_subscribers, watch_time, total_views) values ('634810781', '0', '0', '0');

--User
insert into Site_User values ('1', 'Elladine Scotland', 'MXkTvPI8', 'escotland0@dyndns.org', '89 John Wall Center', '2058765130');
insert into Site_User values ('2', 'Shanda Degue', 'D9C4Ty4', 'sdegue1@japanpost.jp', '92364 Emmet Drive', '1245520792');
insert into Site_User values ('3', 'Sibley Polotti', 'V26vBuhTJGD', 'spolotti2@paypal.com', '36 Raven Center', '4989203161');
insert into Site_User values ('4', 'Janek Aucock', 'Mg5cRkoO', 'jaucock3@google.nl', '1521 Mariners Cove Lane', '147519676');
insert into Site_User values ('5', 'Wallie Hunnicutt', '8OSy30JPr', 'whunnicutt4@lulu.com', null, '23414107126');
insert into Site_User values ('6', 'Boy Seeger', 'kcECVWp7xDD', 'bseeger5@smugmug.com', '87 Ridgeway Pass', '2283796164');
insert into Site_User values ('7', 'Lorita Hawkey', 'xUOS74r0', 'lhawkey6@webmd.com', '42673 Crowley Street', '2477114711');
insert into Site_User values ('8', 'Cybil Pietersen', 'RsajnziejOj', 'cpietersen7@issuu.com', '18304 Morning Hill', '17988192148');
insert into Site_User values ('9', 'Moria Lots', 'MS2E8hSp', 'mlots8@4shared.com', '06975 Bluejay Place', '1533177199');
insert into Site_User values ('10', 'Lloyd Dagnan', 'WryjntP', 'ldagnan9@squidoo.com', '717 Charing Cross Pass', '634810781');

--Video
insert into Video (video_id, type_of_video, video_discription, number_of_views, max_quality_support, number_of_likes, date_released) values ('1','video' , 'accumsan felis ut at dolor quis odio consequat varius integer ac', 7133951,'720p60fps' , 81071, '1/22/2017');
insert into Video (video_id, type_of_video, video_discription, number_of_views, max_quality_support, number_of_likes, date_released) values ('2','video' , 'posuere nonummy integer non velit donec diam neque vestibulum eget vulputate ut ultrices vel augue vestibulum', 8828082,'720p60fps' , 15878, '10/26/2008');
insert into Video (video_id, type_of_video, video_discription, number_of_views, max_quality_support, number_of_likes, date_released) values ('3','shortclip' , 'felis fusce posuere felis sed lacus morbi sem mauris laoreet ut rhoncus aliquet pulvinar sed nisl nunc', 7393501,'720p' , null, '4/6/2003');
insert into Video (video_id, type_of_video, video_discription, number_of_views, max_quality_support, number_of_likes, date_released) values ('4','video' , 'duis consequat dui nec nisi volutpat eleifend donec ut dolor morbi vel lectus in quam fringilla rhoncus', 179276, '720p', 69056, '7/10/2013');
insert into Video (video_id, type_of_video, video_discription, number_of_views, max_quality_support, number_of_likes, date_released) values ('5','video' , 'sed vestibulum sit amet cursus id turpis integer aliquet massa id lobortis convallis', 8552163,'720p' , 95078, '4/20/2007');
insert into Video (video_id, type_of_video, video_discription, number_of_views, max_quality_support, number_of_likes, date_released) values ('6','video' , 'elit ac nulla sed vel enim sit amet nunc viverra dapibus nulla suscipit ligula in lacus curabitur at', 1531969,'720p' , 21981, '1/3/2020');
insert into Video (video_id, type_of_video, video_discription, number_of_views, max_quality_support, number_of_likes, date_released) values ('7', 'shortclip', 'cum sociis natoque penatibus et magnis dis parturient montes nascetur ridiculus mus etiam vel augue vestibulum rutrum rutrum neque aenean', 2359533, '480p', 72037, '6/5/2001');
insert into Video (video_id, type_of_video, video_discription, number_of_views, max_quality_support, number_of_likes, date_released) values ('8','video' , 'ut tellus nulla ut erat id mauris vulputate elementum nullam varius', 8613520,'360p' , 56560, '12/30/2018');
insert into Video (video_id, type_of_video, video_discription, number_of_views, max_quality_support, number_of_likes, date_released) values ('9', 'music', 'maecenas pulvinar lobortis est phasellus sit amet erat nulla tempus vivamus in felis eu sapien cursus vestibulum proin', 2900457,'2k60fps' , 40597, '3/5/2013');
insert into Video (video_id, type_of_video, video_discription, number_of_views, max_quality_support, number_of_likes, date_released) values ('10','stream' , 'leo odio condimentum id luctus nec molestie sed justo pellentesque viverra pede ac', 7112082,'360p' , 91485, '5/15/2019');
insert into Video (video_id, type_of_video, video_discription, number_of_views, max_quality_support, number_of_likes, date_released) values ('11','video' , 'nascetur ridiculus mus vivamus vestibulum sagittis sapien cum sociis natoque penatibus et magnis dis parturient montes nascetur ridiculus mus etiam', 3529056, '240p', 24201, '1/11/2011');
insert into Video (video_id, type_of_video, video_discription, number_of_views, max_quality_support, number_of_likes, date_released) values ('12', 'video', 'nibh in lectus pellentesque at nulla suspendisse potenti cras in', 9682108,'2k60fps' , 49335, '3/16/2017');
insert into Video (video_id, type_of_video, video_discription, number_of_views, max_quality_support, number_of_likes, date_released) values ('13','video' , 'interdum eu tincidunt in leo maecenas pulvinar lobortis est phasellus sit amet erat', 4038875, '2k60fps', 2639, '1/22/2017');
insert into Video (video_id, type_of_video, video_discription, number_of_views, max_quality_support, number_of_likes, date_released) values ('14','shortclip' , 'odio donec vitae nisi nam ultrices libero non mattis pulvinar nulla pede ullamcorper augue a suscipit', 2101674,'2k60fps' , 23115, '3/2/2002');
insert into Video (video_id, type_of_video, video_discription, number_of_views, max_quality_support, number_of_likes, date_released) values ('15','music' , 'sem sed sagittis nam congue risus semper porta volutpat quam', 6579161, '720p60fps', 56773, '3/29/2005');
insert into Video (video_id, type_of_video, video_discription, number_of_views, max_quality_support, number_of_likes, date_released) values ('16','video' , 'venenatis lacinia aenean sit amet justo morbi ut odio cras mi pede malesuada in imperdiet et commodo vulputate justo in', 2873184, '4k1202fps', null, '8/2/2011');
insert into Video (video_id, type_of_video, video_discription, number_of_views, max_quality_support, number_of_likes, date_released) values ('17','music' , 'lectus pellentesque eget nunc donec quis orci eget orci vehicula condimentum curabitur in libero ut massa volutpat convallis morbi', 5143028,'4k1202fps' , 24065, '10/4/2013');
insert into Video (video_id, type_of_video, video_discription, number_of_views, max_quality_support, number_of_likes, date_released) values ('18','video' , 'porta volutpat quam pede lobortis ligula sit amet eleifend pede libero quis orci nullam molestie nibh in lectus pellentesque at', 6663118,'2k' , 41657, '7/21/2015');
insert into Video (video_id, type_of_video, video_discription, number_of_views, max_quality_support, number_of_likes, date_released) values ('19','video' , 'dui nec nisi volutpat eleifend donec ut dolor morbi vel lectus in', 279833, '2k', 87317, '6/9/2017');
insert into Video (video_id, type_of_video, video_discription, number_of_views, max_quality_support, number_of_likes, date_released) values ('20', 'stream', null, 54998, '2k', 51229, '10/17/2019');

--Comment
insert into Comment (comment_id, content, date_written, number_of_likes, replied_comment_id, video_id, author_id) values ('1', 'dui vel sem sed sagittis nam congue risus semper porta volutpat quam pede lobortis ligula sit', '9/10/2003', 780, null, '1', '1');
insert into Comment (comment_id, content, date_written, number_of_likes, replied_comment_id, video_id, author_id) values ('2', 'mauris enim leo rhoncus sed vestibulum sit amet cursus id', '5/9/2013', 302, null, '2', '2');
insert into Comment (comment_id, content, date_written, number_of_likes, replied_comment_id, video_id, author_id) values ('3', 'ipsum aliquam non mauris morbi non lectus aliquam sit amet diam in', '9/29/2011', 584, null, '2', '3');
insert into Comment (comment_id, content, date_written, number_of_likes, replied_comment_id, video_id, author_id) values ('4', 'massa id nisl venenatis lacinia aenean sit amet justo morbi ut odio cras mi pede malesuada in imperdiet', '1/22/2010', 561, null, '20', '4');
insert into Comment (comment_id, content, date_written, number_of_likes, replied_comment_id, video_id, author_id) values ('5', 'nam ultrices libero non mattis pulvinar nulla pede ullamcorper augue a suscipit nulla elit ac', '9/18/2019', 47, null, '4', '5');
insert into Comment (comment_id, content, date_written, number_of_likes, replied_comment_id, video_id, author_id) values ('6', 'vehicula condimentum curabitur in libero ut massa volutpat convallis morbi odio odio elementum eu interdum eu tincidunt in leo maecenas', '5/22/2003', 234, '5', '4', '6');
insert into Comment (comment_id, content, date_written, number_of_likes, replied_comment_id, video_id, author_id) values ('7', 'scelerisque mauris sit amet eros suspendisse accumsan tortor quis turpis sed ante vivamus tortor duis mattis egestas metus aenean fermentum', '4/11/2016', 798, null, '4', '7');
insert into Comment (comment_id, content, date_written, number_of_likes, replied_comment_id, video_id, author_id) values ('8', 'semper est quam pharetra magna ac consequat metus sapien ut nunc', '7/18/2016', 777, null, '4', '8');
insert into Comment (comment_id, content, date_written, number_of_likes, replied_comment_id, video_id, author_id) values ('9', 'eleifend pede libero quis orci nullam molestie nibh in lectus pellentesque at nulla suspendisse potenti cras', '3/29/2008', 773, null, '5', '9');
insert into Comment (comment_id, content, date_written, number_of_likes, replied_comment_id, video_id, author_id) values ('10', 'posuere cubilia curae nulla dapibus dolor vel est donec odio justo sollicitudin ut suscipit a feugiat et eros', '3/6/2002', 241, null, '6', '10');
insert into Comment (comment_id, content, date_written, number_of_likes, replied_comment_id, video_id, author_id) values ('11', 'magnis dis parturient montes nascetur ridiculus mus vivamus vestibulum sagittis sapien cam sociis natoque', '4/19/2004', 113, null, '6', '1');
insert into Comment (comment_id, content, date_written, number_of_likes, replied_comment_id, video_id, author_id) values ('13', 'sed vestibulum sit amet cursus id turpis integer aliquet massa', '3/11/2002', 876, null, '6', '10');
insert into Comment (comment_id, content, date_written, number_of_likes, replied_comment_id, video_id, author_id) values ('14', 'velit eu est congue elementum in hac habitasse platea dictumst morbi vestibulum velit id pretium iaculis diam erat', '3/16/2009', 271, null, '7', '2');
insert into Comment (comment_id, content, date_written, number_of_likes, replied_comment_id, video_id, author_id) values ('15', 'auctor gravida sem praesent id massa id nisl venenatis lacinia aenean sit amet justo morbi ut', '1/18/2002', 688, '14', '7', '3');
insert into Comment (comment_id, content, date_written, number_of_likes, replied_comment_id, video_id, author_id) values ('16', 'maecenas leo odio condimentum id luctus nec molestie sed justo pellentesque', '8/27/2015', 583, null, '7', '4');
insert into Comment (comment_id, content, date_written, number_of_likes, replied_comment_id, video_id, author_id) values ('17', 'felis sed interdum venenatis turpis enim blandit mi in porttitor pede justo eu massa donec dapibus duis at velit eu', '3/8/2018', 534, null, '7', '5');
insert into Comment (comment_id, content, date_written, number_of_likes, replied_comment_id, video_id, author_id) values ('18', 'nibh in quis justo maecenas rhoncus aliquam lacus morbi quis tortor id nulla', '5/26/2004', 95, null, '7', '6');
insert into Comment (comment_id, content, date_written, number_of_likes, replied_comment_id, video_id, author_id) values ('19', 'lobortis est phasellus sit amet erat nulla tempus vivamus in felis eu sapien cursus vestibulum proin eu mi nulla', '1/29/2011', 590, null, '9', '7');
insert into Comment (comment_id, content, date_written, number_of_likes, replied_comment_id, video_id, author_id) values ('20', 'aliquam convallis nunc proin at turpis a pede posuere nonummy integer non velit', '12/28/2012', 16, null, '9', '8');
insert into Comment (comment_id, content, date_written, number_of_likes, replied_comment_id, video_id, author_id) values ('21', 'erat eros viverra eget congue eget semper rutrum nulla nunc purus phasellus in felis donec semper sapien a', '6/3/2005', 494, null, '9', '9');
insert into Comment (comment_id, content, date_written, number_of_likes, replied_comment_id, video_id, author_id) values ('22', 'diam in magna bibendum imperdiet nullam orci pede venenatis non sodales sed tincidunt eu felis', '9/26/2016', 217, null, '9', '10');
insert into Comment (comment_id, content, date_written, number_of_likes, replied_comment_id, video_id, author_id) values ('23', 'odio donec vitae nisi nam ultrices libero non mattis pulvinar nulla pede ullamcorper augue a suscipit nulla elit', '6/5/2002', 779, null, '11', '1');
insert into Comment (comment_id, content, date_written, number_of_likes, replied_comment_id, video_id, author_id) values ('24', 'ligula in lacus curabitur at ipsum ac tellus semper interdum mauris ullamcorper purus sit amet nulla quisque arcu libero', '2/9/2006', 176, null, '11', '2');
insert into Comment (comment_id, content, date_written, number_of_likes, replied_comment_id, video_id, author_id) values ('25', 'in sagittis dui vel nisl duis ac nibh fusce lacus purus aliquet at feugiat non pretium quis lectus', '4/28/2005', 881, null, '11', '3');
insert into Comment (comment_id, content, date_written, number_of_likes, replied_comment_id, video_id, author_id) values ('26', 'sit amet lobortis sapien sapien non mi integer ac neque duis bibendum morbi non quam nec', '1/18/2019', 100, null, '11', '4');
insert into Comment (comment_id, content, date_written, number_of_likes, replied_comment_id, video_id, author_id) values ('27', 'consectetuer eget rutrum at lorem integer tincidunt ante vel ipsum praesent blandit lacinia erat vestibulum sed magna at', '11/24/2010', 534, null, '11', '5');
insert into Comment (comment_id, content, date_written, number_of_likes, replied_comment_id, video_id, author_id) values ('28', 'quis turpis sed ante vivamus tortor duis mattis egestas metus aenean fermentum donec ut mauris eget massa tempor convallis', '2/4/2017', 403, '27', '11', '6');
insert into Comment (comment_id, content, date_written, number_of_likes, replied_comment_id, video_id, author_id) values ('29', 'id turpis integer aliquet massa id lobortis convallis tortor risus dapibus augue vel accumsan tellus nisi', '7/5/2011', 417, null, '12', '7');
insert into Comment (comment_id, content, date_written, number_of_likes, replied_comment_id, video_id, author_id) values ('30', 'dui nec nisi volutpat eleifend donec ut dolor morbi vel lectus in quam fringilla rhoncus mauris enim leo rhoncus', '1/8/2011', 636, null, '12', '8');
insert into Comment (comment_id, content, date_written, number_of_likes, replied_comment_id, video_id, author_id) values ('31', 'nulla sed vel enim sit amet nunc viverra dapibus nulla suscipit ligula in lacus curabitur', '11/14/2015', 252, null, '14', '9');
insert into Comment (comment_id, content, date_written, number_of_likes, replied_comment_id, video_id, author_id) values ('32', 'suspendisse potenti in eleifend quam a odio in hac habitasse platea dictumst maecenas ut massa quis augue', '10/8/2012', 484, '31', '14', '10');
insert into Comment (comment_id, content, date_written, number_of_likes, replied_comment_id, video_id, author_id) values ('33', 'lacinia sapien quis libero nullam sit amet turpis elementum ligula vehicula', '5/21/2013', 138, '31', '14', '1');
insert into Comment (comment_id, content, date_written, number_of_likes, replied_comment_id, video_id, author_id) values ('34', 'augue a suscipit nulla elit ac nulla sed vel enim sit amet nunc', '2/5/2007', 788, null, '14', '2');
insert into Comment (comment_id, content, date_written, number_of_likes, replied_comment_id, video_id, author_id) values ('35', 'diam in magna bibendum imperdiet nullam orci pede venenatis non sodales sed tincidunt eu felis fusce posuere felis', '9/25/2010', 993, null, '14', '3');
insert into Comment (comment_id, content, date_written, number_of_likes, replied_comment_id, video_id, author_id) values ('36', 'donec pharetra magna vestibulum aliquet ultrices erat tortor sollicitudin mi sit amet lobortis', '1/8/2017', 16, null, '15', '10');
insert into Comment (comment_id, content, date_written, number_of_likes, replied_comment_id, video_id, author_id) values ('37', 'mattis odio donec vitae nisi nam ultrices libero non mattis pulvinar nulla', '5/31/2005', 42, null, '15', '4');
insert into Comment (comment_id, content, date_written, number_of_likes, replied_comment_id, video_id, author_id) values ('38', 'curabitur convallis duis consequat dui nec nisi volutpat eleifend donec ut', '11/23/2021', 194, null, '15', '5');
insert into Comment (comment_id, content, date_written, number_of_likes, replied_comment_id, video_id, author_id) values ('39', 'sit amet consectetuer adipiscing elit proin risus praesent lectus vestibulum quam sapien varius ut blandit non', '4/27/2011', 56, null, '15', '6');
insert into Comment (comment_id, content, date_written, number_of_likes, replied_comment_id, video_id, author_id) values ('40', 'sed lacus morbi sem mauris laoreet ut rhoncus aliquet pulvinar sed', '10/21/2001', 527, null, '15', '7');
insert into Comment (comment_id, content, date_written, number_of_likes, replied_comment_id, video_id, author_id) values ('41', 'a libero nam dui proin leo odio porttitor id consequat in consequat ut nulla sed accumsan felis ut at dolor', '4/9/2021', 94, null, '16', '8');
insert into Comment (comment_id, content, date_written, number_of_likes, replied_comment_id, video_id, author_id) values ('42', 'platea dictumst maecenas ut massa quis augue luctus tincidunt nulla mollis molestie lorem quisque ut erat', '10/20/2011', 595, null, '16', '9');
insert into Comment (comment_id, content, date_written, number_of_likes, replied_comment_id, video_id, author_id) values ('43', 'velit id pretium iaculis diam erat fermentum justo nec condimentum neque sapien', '7/13/2007', 634, null, '16', '10');
insert into Comment (comment_id, content, date_written, number_of_likes, replied_comment_id, video_id, author_id) values ('44', 'diam neque vestibulum eget vulputate ut ultrices vel augue vestibulum', '6/14/2005', 545, null, '17', '1');
insert into Comment (comment_id, content, date_written, number_of_likes, replied_comment_id, video_id, author_id) values ('45', 'dolor vel est donec odio justo sollicitudin ut suscipit a feugiat et eros vestibulum ac', '1/14/2011', 100, null, '17', '2');
insert into Comment (comment_id, content, date_written, number_of_likes, replied_comment_id, video_id, author_id) values ('46', 'maecenas tristique est et tempus semper est quam pharetra magna ac consequat metus', '5/21/2003', 53, '44', '17', '3');
insert into Comment (comment_id, content, date_written, number_of_likes, replied_comment_id, video_id, author_id) values ('47', 'ante vestibulum ante ipsum primis in faucibus orci luctus et ultrices posuere cubilia', '6/10/2015', 938, null, '17', '4');
insert into Comment (comment_id, content, date_written, number_of_likes, replied_comment_id, video_id, author_id) values ('48', 'congue etiam justo etiam pretium iaculis justo in hac habitasse platea dictumst etiam faucibus cursus urna ut', '2/2/2000', 14, null, '18', '5');
insert into Comment (comment_id, content, date_written, number_of_likes, replied_comment_id, video_id, author_id) values ('49', 'lacus at turpis donec posuere metus vitae ipsum aliquam non mauris morbi', '2/24/2020', 405, null, '2', '6');
insert into Comment (comment_id, content, date_written, number_of_likes, replied_comment_id, video_id, author_id) values ('50', 'nisi nam ultrices libero non mattis pulvinar nulla pede ullamcorper augue a suscipit nulla elit ac nulla sed vel enim', '6/6/2000', 793, null, '18', '7');
insert into Comment (comment_id, content, date_written, number_of_likes, replied_comment_id, video_id, author_id) values ('51', 'turpis eget elit sodales scelerisque mauris sit amet eros suspendisse accumsan tortor quis', '1/22/2000', 12, null, '18', '8');
insert into Comment (comment_id, content, date_written, number_of_likes, replied_comment_id, video_id, author_id) values ('52', 'quis tortor id nulla ultrices aliquet maecenas leo odio condimentum', '9/21/2019', 847, null, '18', '9');
insert into Comment (comment_id, content, date_written, number_of_likes, replied_comment_id, video_id, author_id) values ('53', 'ultrices posuere cubilia curae donec pharetra magna vestibulum aliquet ultrices erat tortor sollicitudin mi sit amet lobortis', '7/23/2009', 178, null, '18', '10');
insert into Comment (comment_id, content, date_written, number_of_likes, replied_comment_id, video_id, author_id) values ('54', 'nunc proin at turpis a pede posuere nonummy integer non velit donec', '1/4/2013', 278, null, '18', '1');
insert into Comment (comment_id, content, date_written, number_of_likes, replied_comment_id, video_id, author_id) values ('55', 'platea dictumst etiam faucibus cursus urna ut tellus nulla ut erat id', '9/13/2011', 720, '54', '18', '2');
insert into Comment (comment_id, content, date_written, number_of_likes, replied_comment_id, video_id, author_id) values ('56', 'molestie sed justo pellentesque viverra pede ac diam cras pellentesque volutpat dui maecenas', '8/9/2021', 994, null, '19', '3');
insert into Comment (comment_id, content, date_written, number_of_likes, replied_comment_id, video_id, author_id) values ('57', 'curabitur gravida nisi at nibh in hac habitasse platea dictumst aliquam augue quam sollicitudin vitae consectetuer eget rutrum', '7/27/2001', 420, null, '19', '4');
insert into Comment (comment_id, content, date_written, number_of_likes, replied_comment_id, video_id, author_id) values ('58', 'sapien arcu sed augue aliquam erat volutpat in congue etiam justo', '1/11/2016', 266, '56', '19', '6');
insert into Comment (comment_id, content, date_written, number_of_likes, replied_comment_id, video_id, author_id) values ('59', 'ultrices enim lorem ipsum dolor sit amet consectetuer adipiscing elit proin interdum mauris non ligula pellentesque ultrices phasellus id', '2/18/2019', 522, null, '19', '5');
insert into Comment (comment_id, content, date_written, number_of_likes, replied_comment_id, video_id, author_id) values ('60', 'gravida nisi at nibh in hac habitasse platea dictumst aliquam augue quam sollicitudin', '7/29/2011', 381, '56', '19', '7');
insert into Comment (comment_id, content, date_written, number_of_likes, replied_comment_id, video_id, author_id) values ('61', 'justo maecenas rhoncus aliquam lacus morbi quis tortor id nulla ultrices aliquet maecenas leo odio condimentum id luctus', '6/26/2011', 1 , '56', '19', '8');
insert into Comment (comment_id, content, date_written, number_of_likes, replied_comment_id, video_id, author_id) values ('62', 'duis ac nibh fusce lacus purus aliquet at feugiat non pretium', '5/18/2002', 448, null, '6', '9');
insert into Comment (comment_id, content, date_written, number_of_likes, replied_comment_id, video_id, author_id) values ('63', 'tincidunt eget tempus vel pede morbi porttitor lorem id ligula suspendisse ornare consequat lectus', '2/5/2009', 640, null, '1', '10');
insert into Comment (comment_id, content, date_written, number_of_likes, replied_comment_id, video_id, author_id) values ('64', 'in blandit ultrices enim lorem ipsum dolor sit amet consectetuer adipiscing elit proin interdum mauris non ligula pellentesque ultrices', '7/22/2012', 836, '62', '6', '1');
insert into Comment (comment_id, content, date_written, number_of_likes, replied_comment_id, video_id, author_id) values ('65', 'turpis nec euismod scelerisque quam turpis adipiscing lorem vitae mattis nibh ligula nec sem duis', '5/14/2004', 101 , '62', '6', '2');
insert into Comment (comment_id, content, date_written, number_of_likes, replied_comment_id, video_id, author_id) values ('66', 'accumsan felis ut at dolor quis odio consequat varius integer ac leo pellentesque ultrices mattis odio donec vitae', '5/28/2001', 665, null, '6', '3');
insert into Comment (comment_id, content, date_written, number_of_likes, replied_comment_id, video_id, author_id) values ('67', 'tortor sollicitudin mi sit amet lobortis sapien sapien non mi integer ac neque duis bibendum morbi non', '7/17/2009', 478, null, '1', '4');
insert into Comment (comment_id, content, date_written, number_of_likes, replied_comment_id, video_id, author_id) values ('68', 'sapien varius ut blandit non interdum in ante vestibulum ante ipsum primis in faucibus orci luctus et ultrices posuere', '6/25/2009', 948, '66', '6', '5');
insert into Comment (comment_id, content, date_written, number_of_likes, replied_comment_id, video_id, author_id) values ('69', 'lacinia aenean sit amet justo morbi ut odio cras mi pede malesuada in imperdiet et', '6/15/2012', 510, '66', '6', '6');
insert into Comment (comment_id, content, date_written, number_of_likes, replied_comment_id, video_id, author_id) values ('70', 'turpis integer aliquet massa id lobortis convallis tortor risus dapibus augue vel accumsan tellus nisi', '3/18/2000', 693, null, '20', '7');
insert into Comment (comment_id, content, date_written, number_of_likes, replied_comment_id, video_id, author_id) values ('71', 'et ultrices posuere cubilia curae duis faucibus accumsan odio curabitur convallis duis consequat dui', '10/21/2016', 12 , null, '20', '8');
insert into Comment (comment_id, content, date_written, number_of_likes, replied_comment_id, video_id, author_id) values ('72', 'fusce consequat nulla nisl nunc nisl duis bibendum felis sed interdum venenatis turpis enim blandit mi in porttitor pede', '7/20/2004', 353, null, '20', '9');
insert into Comment (comment_id, content, date_written, number_of_likes, replied_comment_id, video_id, author_id) values ('73', 'sit amet sapien dignissim vestibulum vestibulum ante ipsum primis in faucibus orci luctus et', '5/17/2005', 508, '70', '20', '10');

--PlayList
insert into PlayList (playlist_id, title, date_created) values ('111', 'rockandroll', '6/25/2021');
insert into PlayList (playlist_id, title, date_created) values ('222', 'hiphop', '1/2/2021');
insert into PlayList (playlist_id, title, date_created) values ('333', 'jaz', '3/3/2021');
insert into PlayList (playlist_id, title, date_created) values ('444', 'classic', '5/4/2021');

--History_of_User
insert into History_of_User (timestamp_of_action, type_of_action, discription_about_action, user_id) values ('2021-2-2 10:25:00', 1, 'searched:verilog_tutorial', '1');
insert into History_of_User (timestamp_of_action, type_of_action, discription_about_action, user_id) values ('2021-2-2 10:26:00', 2, 'liked:video_id 2', '2');
insert into History_of_User (timestamp_of_action, type_of_action, discription_about_action, user_id) values ('2021-2-2 10:27:00', 3, 'selected:video_id 4', '1');
insert into History_of_User (timestamp_of_action, type_of_action, discription_about_action, user_id) values ('2021-2-2 10:28:00', 1, 'searched:music', '4');
insert into History_of_User (timestamp_of_action, type_of_action, discription_about_action, user_id) values ('2021-2-2 10:29:00', 4, 'comment:user_id 3', '5');
insert into History_of_User (timestamp_of_action, type_of_action, discription_about_action, user_id) values ('2021-2-2 10:30:00', 2, 'liked:video_id 2', '3');

--inserting into Channel_Video_Bridge and PlayList_Bridge happens with triggers.